{"N_balanced": 2, "N_unbalanced": 2, "N_kinetic_parameters": 18, "N_reaction": 4, "N_enzyme": 4, "N_experiment": 2, "N_flux_measurement": 2, "N_conc_measurement": 4, "stoichiometric_rank": 3, "experiment_yconc": [1, 1, 2, 2], "metabolite_yconc": [3, 4, 3, 4], "yconc": [0.8, 1.5, 0.7, 1.4], "sigma_conc": [0.1, 0.1, 0.1, 0.1], "experiment_yflux": [1, 2], "reaction_yflux": [4, 4], "yflux": [0.29, 0.21], "sigma_flux": [0.1, 0.1], "prior_loc_kinetic_parameters": [1.0, 1.0, 1.0, 1.0, 1.0, 1.0, 1.0, 1.0, 1.1, 1.0, 1.0, 1.0, 1.0, 1.0, 1.0, 1.0, 1.0, 1.0], "prior_scale_kinetic_parameters": [0.05, 0.6, 0.6, 0.6, 0.05, 0.6, 0.6, 0.6, 0.5, 0.6, 0.6, 0.6, 0.6, 0.6, 0.05, 0.6, 0.6, 0.6], "prior_loc_unbalanced": [[2.0, 2.0], [1.0, 1.0]], "prior_scale_unbalanced": [[0.05, 0.05], [0.05, 0.05]], "prior_loc_enzyme": [[1.0, 1.0], [1.0, 1.5], [1.0, 1.5], [1.0, 1.5]], "prior_scale_enzyme": [[0.05, 0.05], [0.05, 0.05], [0.05, 0.05], [0.05, 0.05]], "balanced_guess": [1.0, 1.0], "ln_equilibrium_basis": [[-0.577350269189626, 0.5773502691896258, 1.7378106260584396e-18], [0.7886751345948126, 0.21132486540518727, 6.360828361039289e-19], [0.21132486540518727, 0.7886751345948128, -6.360828361039287e-19], [6.360828361039289e-19, -6.360828361039288e-19, 1.0]], "rel_tol": 1e-09, "f_tol": 1e-06, "max_steps": 1000000000, "LIKELIHOOD": 1}