{"N_mic": 24, "N_unbalanced": 12, "N_kinetic_parameters": 69, "N_reaction": 16, "N_enzyme": 16, "N_experiment": 1, "N_flux_measurement": 3, "N_enzyme_measurement": 16, "N_conc_measurement": 24, "N_metabolite": 23, "stoichiometric_matrix": [[-1, 0, 0, 0, 0, 0, 0, 0, 0, 0, 0, 0, 0, 0, 0, 0], [1, -1, 0, 0, 0, 0, 0, 0, 0, 0, 0, 0, 0, 0, 0, 0], [0, -1, 0, -1, 0, 0, 0, 1, 0, 0, 0, 0, 0, 0, 0, 0], [0, 1, 0, 1, 0, 0, 0, -1, 0, 0, 0, 0, 0, 0, 0, 0], [0, 0, 0, 0, 0, 0, -1, 0, 0, 0, 0, 0, 0, 0, 0, 0], [0, 0, 0, 0, 0, 0, 1, 0, 0, 0, 0, 0, 0, 0, 0, 0], [0, 0, 0, 0, 0, 0, 0, 0, -1, 0, -1, 0, 0, 0, 0, 0], [0, 0, 0, 0, 0, 0, 0, 0, 1, 0, 1, 0, 0, 0, 0, 0], [0, 0, 0, 0, 0, 0, 0, 1, 0, 0, 0, 0, 0, 0, 0, 0], [0, 1, -1, 0, 0, 0, 0, 0, -1, 0, 0, 0, 0, 0, 0, 0], [0, 0, 1, -1, 0, 0, 0, 0, 0, 0, 0, 0, 0, 0, 1, 1], [0, 0, 0, 1, -1, 0, 0, 0, 0, 0, 0, 0, 0, 0, 0, 0], [0, 0, 0, 0, 1, 1, -1, 0, 0, 0, 0, 0, 0, 1, 1, -1], [0, 0, 0, 0, 0, 0, 1, -1, 0, 0, 0, 0, 0, 0, 0, 0], [0, 0, 0, 0, 0, 0, -1, 0, 0, 0, 0, 0, 0, 0, 0, 0], [0, 0, 0, 0, 0, 0, 0, 0, 0, 0, 1, 0, 0, 0, 0, 0], [0, 0, 0, 0, 1, -1, 0, 0, 0, 0, 0, 0, 0, 0, 0, 0], [0, 0, 0, 0, 0, 0, 0, 0, 0, 0, 0, 1, 0, -1, 0, 0], [0, 0, 0, 0, 0, 0, 0, 0, 0, 0, 1, -1, -1, 0, 0, 0], [0, 0, 0, 0, 0, 0, 0, 0, 0, 0, 0, 0, 1, -1, -1, 0], [0, 0, 0, 0, 0, 0, 0, 0, 1, -1, 0, 0, 0, 0, 0, 0], [0, 0, 0, 0, 0, 0, 0, 0, 0, 1, -1, 0, 0, 0, 0, 0], [0, 0, 0, 0, 0, 0, 0, 0, 0, 0, 0, 0, 0, 0, -1, 1], [0, 0, 0, 0, 0, 0, 0, 0, 0, 0, 0, 0, 0, 1, 0, -1]], "metabolite_ix_stoichiometric_matrix": [1, 1, 2, 3, 4, 5, 6, 7, 8, 9, 10, 11, 12, 13, 14, 15, 16, 17, 18, 19, 20, 21, 22, 23], "experiment_yconc": [1, 1, 1, 1, 1, 1, 1, 1, 1, 1, 1, 1, 1, 1, 1, 1, 1, 1, 1, 1, 1, 1, 1, 1], "mic_ix_yconc": [2, 10, 11, 12, 13, 14, 1, 3, 4, 5, 6, 17, 9, 15, 19, 20, 21, 22, 23, 24, 7, 8, 18, 16], "balanced_mic_ix": [2, 10, 11, 12, 13, 14, 19, 20, 21, 22, 23, 24], "unbalanced_mic_ix": [1, 3, 4, 5, 6, 7, 8, 9, 15, 16, 17, 18], "yconc": [0.00063, 0.00121, 0.00032, 0.00278, 6.7e-05, 1.6e-06, 0.074, 0.00395, 0.00173, 0.00141, 0.000178, 0.00158, 0.00052, 0.002, 3.2e-05, 4.4e-05, 0.00166, 0.00016, 4e-06, 0.00012, 2.7e-07, 0.00016, 7.9e-05, 1e-05], "sigma_conc": [0.05, 0.05, 0.05, 0.05, 0.05, 0.05, 0.05, 0.05, 0.05, 0.05, 0.05, 0.05, 0.05, 0.05, 0.05, 0.05, 0.05, 0.05, 0.05, 0.05, 0.05, 0.05, 0.1, 1.0], "experiment_yflux": [1, 1, 1], "reaction_yflux": [2, 4, 9], "yflux": [0.00153, 0.00145, 1.2e-06], "sigma_flux": [0.0001, 0.0001, 5e-07], "experiment_yenz": [1, 1, 1, 1, 1, 1, 1, 1, 1, 1, 1, 1, 1, 1, 1, 1], "enzyme_yenz": [1, 2, 3, 4, 5, 6, 7, 8, 9, 10, 11, 12, 13, 16, 14, 15], "yenz": [0.001, 6.2e-05, 0.000138, 8.5e-05, 0.00134, 0.000295, 0.0042, 0.000258, 2e-05, 3e-05, 1.3e-05, 5e-05, 3e-05, 0.000144, 0.000455, 0.000455], "sigma_enz": [0.05, 0.1, 0.05, 0.05, 0.05, 0.05, 0.05, 0.05, 0.05, 0.05, 0.05, 0.05, 0.05, 0.05, 0.05, 0.05], "prior_loc_formation_energy": [-429.6859947579692, -429.6859947579692, -2295.9122876115325, -1423.6832806170473, -1207.4252336519955, -1143.1447190638562, -2092.4966700618097, -2027.440319871691, -1350.6137388141342, -1319.1496950096607, -1316.617449227564, -2203.8432617085205, -1089.2918011524018, -2201.8051007384547, -1056.0858840562805, -385.9891417161678, -1094.7296638462215, -1235.0375920108322, -1233.1162339693449, -1236.4963813881413, -1386.6012714072076, -1565.1184260965317, -1159.4244085934001, -1386.1688630803894], "prior_scale_formation_energy": [[0.4247935878807765, 0.4247935878807765, -0.2329015232173322, -0.08155567983120093, 0.004951822902190023, 0.08404657752936134, -0.14639402048442945, -0.05932104478893501, -2.4384138101050954e-15, 0.20699736154433224, 0.19145775856726047, 0.01632539512928369, -0.020355897474551903, -0.06809248242199618, 0.034223837560669275, -1.2399527895199096e-13, 0.008930843762917176, 0.13005912540125888, 0.1382154506453527, 0.12964366390740298, 0.09593950867907064, 0.2465517143106049, 0.05217293060774455, 0.26934395336077416], [0.4247935878807765, 0.4247935878807765, -0.2329015232173322, -0.08155567983120093, 0.004951822902190023, 0.08404657752936134, -0.14639402048442945, -0.05932104478893501, -2.4384138101050954e-15, 0.20699736154433224, 0.19145775856726047, 0.01632539512928369, -0.020355897474551903, -0.06809248242199618, 0.034223837560669275, -1.2399527895199096e-13, 0.008930843762917176, 0.13005912540125888, 0.1382154506453527, 0.12964366390740298, 0.09593950867907064, 0.2465517143106049, 0.05217293060774455, 0.26934395336077416], [-0.2329015232176316, -0.2329015232176316, 2.315721073437092, 1.7686226795433613, 0.12257244685331938, 0.02992859820209899, 0.6696708407539771, 0.577169258673678, -3.366437607519138e-16, 0.2519776813351258, 0.21351686971605416, 0.6755835010828508, 0.31066278858408447, 0.6635758188618848, 0.27002296112838425, 1.068583683229984e-13, 0.33650028063214543, 0.14904959847178284, 0.1481882085230094, 0.20521660120562096, 0.2755834107323315, 0.12884273810156918, 0.24767756624124787, 0.1148889019465874], [-0.08155567983143788, -0.08155567983143788, 1.7686226795438875, 1.5673100927088257, 0.21880105043206255, 0.18758818938373364, 0.4201136372724082, 0.3858353077959091, -2.099764045458804e-15, 0.10498875524603593, 0.09183518709428301, 0.26353376479730906, 0.11051066207708446, 0.2589587750957984, 0.12308923000068367, -8.816697092009205e-14, 0.13148290632101667, 0.1385425761757365, 0.10818582397570255, 0.09633544585638622, 0.1114136677780206, 0.07872067541422076, 0.12082337596412372, 0.109554387305896], [0.004951822902115532, 0.004951822902115532, 0.12257244685530183, 0.2188010504335135, 43.166268640758595, 43.03117474058382, 39.483532298356415, 39.337069150032264, -0.5475560551109477, -0.08122616314218975, -0.06873628695610727, -0.1621988772533717, -0.09454010384862117, -0.17603330437723474, -0.21572374453787707, -1.9174952426410967e-12, -0.08009884443656834, -0.0011352512156121227, -0.008581971096679512, -0.05028216316528581, 0.05218958814640013, -0.07423813586065947, -0.06086898755348226, -0.009002550618065576], [0.08404657752925587, 0.08404657752925587, 0.02992859820430687, 0.18758818938530444, 43.03117474058352, 43.21272772149747, 39.28700741057904, 39.4242960033246, -0.5475560551109334, -0.046869321562809305, -0.036220039985757256, -0.15083971792624423, -0.030373402652058054, -0.2648931155527621, -0.06274443463157477, -1.8823923909746047e-12, -0.07627762971595661, 0.008881917205468914, -0.021667237976702808, -0.03500595483043447, -0.14732633144587298, -0.03988829056673596, -0.014914091740011261, -0.0124240310401043], [-0.14639402048428565, -0.14639402048428565, 0.6696708407505255, 0.42011363726974615, 39.48353229835655, 39.287007410578724, 45.1128511100652, 44.908164709137246, -0.5475560551108756, 0.06576276294698531, 0.0529453956657345, 0.2498508590325226, 0.10561202265856312, 0.22858373938874005, -0.06879001341062571, -7.790808368175693e-13, 0.12491852987474505, 0.009371771080373653, 0.03142041345052838, 0.058598992183963576, 0.2163593311007855, -0.024116073173729716, 0.06598520272373921, -0.0036680359774659637], [-0.059321044788820186, -0.059321044788820186, 0.5771692586704167, 0.38583530779334324, 39.33706915003214, 39.42429600332403, 44.908164709137615, 45.07192957313388, -0.5475560551108931, 0.11037257868255568, 0.0929048380261257, 0.26230080416878304, 0.1611347732302729, 0.16466896776113454, 0.08630219336729551, -7.468800287655415e-13, 0.1296439249723225, -0.0021751016773292877, -0.010788239125742418, 0.06154269340334957, -0.042713828250134554, -0.019447243159755396, 0.10208325219188658, -0.011353515842922745], [-2.4384138101050954e-15, -2.4384138101050954e-15, -3.366437607519138e-16, -2.099764045458804e-15, -0.5475560551109477, -0.5475560551109334, -0.5475560551108756, -0.5475560551108931, 1.4769579319877932, 2.442537259759638e-16, 3.741453988928566e-16, 4.214525429444885e-15, -6.003479397838544e-16, -1.5790525070231153e-15, 2.9268565845091426e-16, 1.4539869676509706e-14, 4.880019979709169e-16, -1.8528673970080976e-15, -3.0345016426666603e-15, -3.2371749354464657e-15, 1.894895115763701e-15, 