{"N_mic": 14, "N_unbalanced": 8, "N_kinetic_parameters": 34, "N_reaction": 8, "N_enzyme": 8, "N_experiment": 2, "N_flux_measurement": 4, "N_enzyme_measurement": 16, "N_conc_measurement": 20, "N_metabolite": 13, "stoichiometric_matrix": [[-1, 0, 0, 0, 0, 0, 0, 0], [1, -1, 0, 0, 0, 0, 0, 0], [0, -1, 0, -1, 0, 0, 0, 1], [0, 1, 0, 1, 0, 0, 0, -1], [0, 0, 0, 0, 0, 0, -1, 0], [0, 0, 0, 0, 0, 0, 1, 0], [0, 0, 0, 0, 0, 0, 0, 1], [0, 1, -1, 0, 0, 0, 0, 0], [0, 0, 1, -1, 0, 0, 0, 0], [0, 0, 0, 1, -1, 0, 0, 0], [0, 0, 0, 0, 1, 1, -1, 0], [0, 0, 0, 0, 0, 0, 1, -1], [0, 0, 0, 0, 1, -1, 0, 0], [0, 0, 0, 0, 0, 0, -1, 0]], "metabolite_ix_stoichiometric_matrix": [1, 1, 2, 3, 4, 5, 6, 7, 8, 9, 10, 11, 12, 13], "experiment_yconc": [1, 1, 1, 1, 1, 1, 1, 1, 1, 1, 2, 2, 2, 2, 2, 2, 2, 2, 2, 2], "mic_ix_yconc": [1, 8, 7, 10, 13, 6, 5, 14, 4, 3, 1, 8, 7, 10, 13, 6, 5, 14, 4, 3], "balanced_mic_ix": [2, 8, 9, 10, 11, 12], "unbalanced_mic_ix": [1, 3, 4, 5, 6, 7, 13, 14], "yconc": [4.4, 0.222, 0.0369, 0.03375228438451183, 0.0179, 0.0193, 0.531, 3.35, 0.0954, 0.318, 4.4, 0.176, 0.0293, 0.026798801404715536, 0.0142, 0.0154, 0.421, 2.66, 0.0758, 0.252], "sigma_conc": [0.05, 0.05, 0.05, 0.05, 0.05, 0.05, 0.05, 0.05, 0.05, 0.05, 0.05, 0.05, 0.05, 0.05, 0.05, 0.05, 0.05, 0.05, 0.05, 0.05], "experiment_yflux": [1, 1, 2, 2], "reaction_yflux": [4, 6, 4, 6], "yflux": [0.060508, 0.066, 0.088023, 0.0972], "sigma_flux": [0.005, 0.005, 0.005, 0.005], "experiment_yenz": [1, 1, 1, 1, 1, 1, 1, 1, 2, 2, 2, 2, 2, 2, 2, 2], "enzyme_yenz": [1, 2, 3, 4, 5, 6, 7, 8, 1, 2, 3, 4, 5, 6, 7, 8], "yenz": [1.0, 0.154, 0.073, 0.033, 0.34, 0.53, 0.42, 0.68, 1.0, 0.157, 0.077, 0.033, 0.29, 0.5, 0.35, 0.61], "sigma_enz": [0.2, 0.05, 0.05, 0.05, 0.05, 0.05, 0.05, 0.05, 0.2, 0.05, 0.05, 0.05, 0.05, 0.05, 0.05, 0.05], "prior_loc_formation_energy": [-446.8, -2313.0, -1440.8, -1222.9, -1158.7, -1365.2, -1336.3, -1333.8, -2220.9, -1106.4, -2219.0, -1111.9, -1073.3], "prior_scale_formation_energy": [1.3, 3.0, 2.4, 12.4, 12.4, 1.5, 1.3, 1.3, 2.1, 1.3, 2.1, 1.1, 1.5], "prior_loc_kinetic_parameters": [0.9, 0.9, 3.35, 0.2, 0.195, 30, 0.23, 63.2, 1.03, 0.31, 487, 0.1, 0.71, 0.111, 1, 209, 0.45, 2, 2.4, 4.14, 6.454, 5.25, 564, 0.423, 0.09, 1.5, 0.06, 0.909, 19, 0.2, 0.003, 4.58, 1.99, 58.6], "prior_scale_kinetic_parameters": [0.1, 0.1, 0.1, 0.1, 0.1, 0.1, 0.1, 0.1, 0.1, 0.1, 0.1, 0.1, 0.1, 0.1, 0.1, 0.1, 0.1, 0.1, 0.1, 0.1, 0.1, 0.1, 0.1, 0.1, 0.1, 0.1, 0.1, 0.1, 0.1, 0.1, 0.1, 0.1, 0.1, 0.1], "prior_loc_unbalanced": [[1, 1, 1, 1, 1, 1, 1, 1], [1, 1, 1, 1, 1, 1, 1, 1]], "prior_scale_unbalanced": [[4, 4, 4, 4, 4, 4, 4, 4], [4, 4, 4, 4, 4, 4, 4, 4]], "prior_loc_enzyme": [[0.1, 0.1, 0.1, 0.1, 0.1, 0.1, 0.1, 0.1], [0.1, 0.1, 0.1, 0.1, 0.1, 0.1, 0.1, 0.1]], "prior_scale_enzyme": [[3, 3, 3, 3, 3, 3, 3, 3], [3, 3, 3, 3, 3, 3, 3, 3]], "as_guess": [[0.01, 0.222, 0.01, 0.03375228438451183, 0.01, 0.01], [0.01, 0.176, 0.01, 0.026798801404715536, 0.01, 0.01]], "rtol": 1e-09, "ftol": 1e-06, "steps": 1000000000, "LIKELIHOOD": 1, "timepoint": 500}